<?xml version="1.0" encoding="UTF-8"?>
<beans xmlns="http://www.springframework.org/schema/beans"
       xmlns:xsi="http://www.w3.org/2001/XMLSchema-instance" xmlns:mvc="http://www.springframework.org/schema/mvc"
       xsi:schemaLocation="
			http://www.springframework.org/schema/beans http://www.springframework.org/schema/beans/spring-beans.xsd
			http://www.springframework.org/schema/mvc http://www.springframework.org/schema/mvc/spring-mvc-3.0.xsd">


    <mvc:annotation-driven/>
    <mvc:default-servlet-handler/>

    <!-- 视图解析器 -->
    <bean id="viewResolver"
          class="org.springframework.web.servlet.view.InternalResourceViewResolver">
        <property name="prefix" value="/WEB-INF/error/"/>
        <property name="suffix" value=".html"/>
    </bean>

    <!-- 文件上传与下载 -->
    <bean id="multipartResolver"
          class="org.springframework.web.multipart.commons.CommonsMultipartResolver">
        <property name="maxUploadSize" value="2048000000"/>
        <!-- 		<property name="maxUploadSize" value="#{40 * 1024}"></property> -->
    </bean>

    <!-- json插件 -->
    <bean id="handlerAdapter"
          class="org.springframework.web.servlet.mvc.method.annotation.RequestMappingHandlerAdapter">
        <property name="messageConverters">
            <list>
                <ref bean="mappingJackson2HttpMessageConverter"/>
            </list>
        </property>
    </bean>

    <bean id="mappingJackson2HttpMessageConverter"
          class="org.springframework.http.converter.json.MappingJackson2HttpMessageConverter">
        <property name="supportedMediaTypes">
            <list>
                <value>application/json;charset=UTF-8</value>
                <value>text/html;charset=UTF-8</value>
            </list>
        </property>
        <property name="objectMapper">
            <bean class="com.fasterxml.jackson.databind.ObjectMapper"/>
        </property>
    </bean>
</beans>
